{"cameraMode":{"drawMode":0,"name":"Shaded","section":"Shading Mode"},"sceneLighting":true,"audioPlay":false,"sceneViewState":{"showFog":true,"showMaterialUpdate":true,"showSkybox":true,"showFlares":true,"showImageEffects":true,"showParticleSystems":true},"in2DMode":false,"pivot":{"x":-0.7224599123001099,"y":0.7477039098739624,"z":-8.230555534362793},"rotation":{"x":-0.007185324095189571,"y":0.037485405802726749,"z":0.00026778661413118243,"w":0.9992917776107788},"size":1.4457781314849854,"orthographic":false}